"method","mean_cor"
"st_default",0.329577854206306
"fmrilss_oasis_best",0.321928337819027
"fmrilss_lss",0.32108764772472
"fmrilss_sbhm",0.263905272940839
