"method","mean_cor"
"st_default",0.329443405107889
"fmrilss_lss",0.321184122476141
"fmrilss_oasis_best",0.247772461855023
"fmrilss_sbhm",0.239546172434356
